{
  "instances": {
    "details": {
      "label": "Details",
      "fetch_failed": "Das Laden der Metriken ist fehlgeschlagen.",
      "cache":{
        "fetch_failed": "Das Laden der Cache-Metriken ist fehlgeschlagen.",
        "hit_ratio": "Treffer-Rate",
        "hits": "Treffer",
        "size": "Größe"
      },
      "datasource": {
        "fetch_failed": "Das Laden der Datenquellen-Metriken ist fehlgeschlagen.",
        "active_connections": "Aktive Verbindungen",
        "min_connections": "Min. Verbindungen",
        "max_connections": "Max. Verbindungen",
        "title": "Datenquelle: {datasource}",
        "unlimited": "unlimitiert"
      },
      "gc": {
        "count": "Anzahl",
        "time_spent_max": "Max. Zeitdauer",
        "time_spent_total": "Gesamtzeit",
        "title": "GC Pausen"
      },
      "health": {
        "fetch_failed": "Das Laden der Zustands-Informationen ist fehlgeschlagen.",
        "title": "Zustand"
      },
      "info": {
        "fetch_failed": "Das Laden der Live-Informationen ist fehlgeschlagen. Keine weiteren Informationen verfügbar.",
        "no_info_provided": "Keine Informationen verfügbar.",
        "title": "Info"
      },
      "memory": {
        "fetch_failed": "Das Laden der Speicher-Metriken ist fehlgeschlagen.",
        "max": "Max",
        "metaspace": "Metaspace",
        "size": "Größe",
        "title": "Speicher",
        "used": "In Verwendung"
      },
      "metadata": {
        "no_data_provided": "Keine Metadaten vorhanden",
        "title": "Metadaten"
      },
      "process": {
        "cpus": "CPUs",
        "fetch_failed": "Das Laden der Prozess-Metriken ist fehlgeschlagen.",
        "pid": "PID",
        "process_cpu_usage": "CPU-Auslastung (%)",
        "system_cpu_usage": "System-Auslastung (%)",
        "title": "Prozess",
        "uptime": "Uptime"
      },
      "threads": {
        "daemon": "Daemon",
        "fetch_failed": "Fetching threads metrics failed.",
        "live": "Live",
        "peak_live": "Peak Live",
        "title": "Threads"
      }
    }
  }
}
