{
  "instances": {
    "details": {
      "label": "Подробности",
      "fetch_failed": "Ошибка при получении метрик.",
      "cache":{
        "fetch_failed": "Ошибка при получении кэш-метрик.",
        "hit_ratio": "Коэффициент попадания",
        "hits": "Попадания",
        "size": "Размер"
      },
      "datasource": {
        "fetch_failed": "Ошибка при получении datasource-метрик.",
        "active_connections": "Активные подключения",
        "min_connections": "Минимальные подключения",
        "max_connections": "Максимальные подключения",
        "title": "Datasource: {datasource}",
        "unlimited": "неограниченный"
      },
      "gc": {
        "count": "Количество",
        "time_spent_max": "Максимум потраченного времени",
        "time_spent_total": "Общее потраченное время",
        "title": "Паузы сборщика мусора"
      },
      "health": {
        "fetch_failed": "Ошибка при получении здоровья. Это последняя известная информация.",
        "title": "Здоровье"
      },
      "info": {
        "fetch_failed": "Ошибка при получении информации о здоровье. Это последняя известная информация.",
        "no_info_provided": "Информация не предоставлена.",
        "title": "Информация"
      },
      "memory": {
        "fetch_failed": "Ошибка при получении метрик памяти.",
        "max": "Максимум",
        "metaspace": "Metaspace",
        "size": "Размер",
        "title": "Память",
        "used": "Используется"
      },
      "metadata": {
        "no_data_provided": "Метаданные не предоставлены.",
        "title": "Метаданные"
      },
      "process": {
        "cpus": "Процессоры",
        "fetch_failed": "Ошибка при получении процессов.",
        "pid": "PID",
        "process_cpu_usage": "Использование процессами",
        "system_cpu_usage": "Использование системой",
        "title": "Процесс",
        "uptime": "Время работы"
      },
      "threads": {
        "daemon": "Демоны",
        "fetch_failed": "Ошибка при получении метрик потоков.",
        "live": "Живые потоки",
        "peak_live": "Максимум живых потоков",
        "title": "Потоки"
      }
    }
  }
}
