{
  "instances": {
    "loggers": {
      "label": "Loggers",
      "affects_all_instances": "Affects all {count} instances",
      "affects_this_instance_only": "Affects this instance only",
      "application": "Application",
      "fetch_failed": "Fetching loggers failed.",
      "filter": {
        "class_only": "class only",
        "configured": "configured"
      },
      "instance": "Instance",
      "new": "new",
      "no_loggers_found": "No loggers found.",
      "reset": "Reset",
      "setting_loglevel_failed": "Setting {logger} to {loglevel} failed."
    }
  }
}
