{
  "applications": {
    "all_up": "Alle verfügbar",
    "applications": "Anwendungen",
    "instances": "Instanzen",
    "instances_down": "Instanzen nicht verfügbar",
    "loading_applications": "Anwendungen werden geladen ...",
    "no_applications_registered": "Keine Anwendungen registriert.",
    "notifications_suppressed_for": "Benachrichtigungen für <code>{name}</code> werden unterdrückt für",
    "restricted": "eingeschränkt",
    "server_connection_failed": "Verbindung zum Server fehlgeschlagen.",
    "suppress_notifications_on": "Benachrichtungen für <code>{name}</code> für",
    "status": "Status",
    "label": "Anwendungen",
    "up": "OK"
  }
}
