{
  "applications": {
    "all_up": "tout est disponible",
    "applications": "Applications",
    "instances": "Instances",
    "instances_down": "instances inaccessibles",
    "loading_applications": "Chargement des applications...",
    "no_applications_registered": "Aucune application enregistrée.",
    "notifications_suppressed_for": "Les notifications sur <code>{name}</code> sont supprimées",
    "restricted": "limité",
    "server_connection_failed": "Echec de la connexion au serveur.",
    "suppress_notifications_on": "Supression des notifications sur <code>{name}</code>",
    "status": "Statut",
    "label": "Applications",
    "up": "OK"
  }
}
